{
  "concept": "newline",
  "sae": "gemma-scope-2b-pt-res/layer_12/width_16k/average_l0_82",
  "feature_ids": [
    10957,
    7208,
    5549,
    12162,
    330,
    1265,
    2423,
    3250,
    2289,
    1699,
    9408,
    7230,
    12679,
    16286,
    9947,
    13054,
    9275,
    11593,
    7923,
    16204,
    9326,
    12597,
    9617,
    8354,
    855,
    5260,
    4129,
    10191,
    5601,
    12853
  ],
  "weights": [
    0.45711275935173035,
    0.6140276193618774,
    3.528729200363159,
    0.20541411638259888,
    0.9260628819465637,
    0.6231681108474731,
    -0.009554442018270493,
    -0.3082406520843506,
    0.15621550381183624,
    0.003116975538432598,
    0.4451046586036682,
    0.03278571739792824,
    0.059763308614492416,
    0.10267399251461029,
    0.0012569237733259797,
    0.30946487188339233,
    0.04413622245192528,
    0.07237857580184937,
    0.40735357999801636,
    0.4373302757740021,
    0.01926467753946781,
    0.2583674192428589,
    3.552791118621826,
    0.2573510408401489,
    0.5260736346244812,
    -0.01822633482515812,
    0.24028146266937256,
    -0.026410633698105812,
    0.057208072394132614,
    -0.1406884491443634
  ],
  "bias": -4.1592206954956055,
  "feat_mean": [
    0.8545089960098267,
    0.37045878171920776,
    0.22084058821201324,
    0.09620420634746552,
    0.09399620443582535,
    0.049681004136800766,
    0.1312682330608368,
    0.11153140664100647,
    0.08469049632549286,
    0.03791682422161102,
    0.07568802684545517,
    0.02544228732585907,
    0.083245187997818,
    0.041926510632038116,
    0.027719411998987198,
    0.02314136177301407,
    0.06022682413458824,
    0.02448200061917305,
    0.05497124418616295,
    0.029312629252672195,
    0.08539501577615738,
    0.0479588508605957,
    0.013095874339342117,
    0.025838026776909828,
    0.03573676571249962,
    0.0557141974568367,
    0.023219864815473557,
    0.023492518812417984,
    0.023381313309073448,
    0.03736966848373413
  ],
  "feat_std": [
    5.297224044799805,
    2.010563611984253,
    2.5526812076568604,
    1.0528103113174438,
    1.105247139930725,
    0.612773060798645,
    1.479581594467163,
    0.9192990660667419,
    0.9988951683044434,
    0.5054468512535095,
    0.9466378092765808,
    0.37830984592437744,
    1.052911400794983,
    0.616708517074585,
    0.369804322719574,
    0.39452823996543884,
    0.6673465371131897,
    0.35659509897232056,
    0.9584676027297974,
    0.5438966155052185,
    0.8948813676834106,
    0.5423228144645691,
    0.26488974690437317,
    0.482968270778656,
    0.7185351252555847,
    0.7976046204566956,
    0.3774731159210205,
    0.42050856351852417,
    0.4187368154525757,
    0.4624997079372406
  ],
  "threshold": 0.07692296802997589,
  "held_out": {
    "precision": 0.9577465057373047,
    "recall": 0.8292682766914368,
    "f1": 0.888888890774742
  },
  "certified": true,
  "scope": "detects 'newline' tokens only; held-out on unseen Pile docs"
}